-- phpMyAdmin SQL Dump
-- version 5.2.1
-- https://www.phpmyadmin.net/
--
-- Host: 127.0.0.1
-- Generation Time: May 25, 2024 at 08:14 AM
-- Server version: 10.4.28-MariaDB
-- PHP Version: 8.2.4

SET SQL_MODE = "NO_AUTO_VALUE_ON_ZERO";
START TRANSACTION;
SET time_zone = "+00:00";


/*!40101 SET @OLD_CHARACTER_SET_CLIENT=@@CHARACTER_SET_CLIENT */;
/*!40101 SET @OLD_CHARACTER_SET_RESULTS=@@CHARACTER_SET_RESULTS */;
/*!40101 SET @OLD_COLLATION_CONNECTION=@@COLLATION_CONNECTION */;
/*!40101 SET NAMES utf8mb4 */;

--
-- Database: `olapp`
--

-- --------------------------------------------------------

--
-- Table structure for table `appusers`
--

CREATE TABLE `appusers` (
  `Id` int(11) NOT NULL,
  `username` varchar(50) NOT NULL,
  `password` varchar(50) NOT NULL,
  `clientId` bigint(20) NOT NULL,
  `usertype` int(11) NOT NULL
) ENGINE=InnoDB DEFAULT CHARSET=utf8mb4 COLLATE=utf8mb4_general_ci;

--
-- Dumping data for table `appusers`
--

INSERT INTO `appusers` (`Id`, `username`, `password`, `clientId`, `usertype`) VALUES
(1, 'admin', 'admin', 0, 1),
(2, 'secretary', 'secretary', 0, 2),
(3, 'leni@test.com', '123', 19, 3),
(4, 'hello@gmail.com', '09010234567', 20, 3),
(5, 'gest@test.com', '123123', 21, 3),
(6, 'michael@testmail.com', '09123456', 22, 3),
(7, 'mich@testmail.com', '0976', 23, 3);

-- --------------------------------------------------------

--
-- Table structure for table `client`
--

CREATE TABLE `client` (
  `id` bigint(20) NOT NULL,
  `name` varchar(70) DEFAULT NULL,
  `gender` varchar(11) DEFAULT NULL,
  `email` varchar(70) DEFAULT NULL,
  `birthdate` varchar(70) DEFAULT NULL,
  `province` varchar(20) DEFAULT NULL,
  `municipal` varchar(20) DEFAULT NULL,
  `barangay` varchar(20) DEFAULT NULL,
  `purok` int(11) DEFAULT NULL,
  `address` varchar(200) DEFAULT NULL,
  `additionalAddressInfo` varchar(500) DEFAULT NULL,
  `city` varchar(11) DEFAULT NULL,
  `emailAddress` varchar(100) DEFAULT NULL,
  `contactNumber` varchar(20) DEFAULT NULL
) ENGINE=InnoDB DEFAULT CHARSET=utf8mb4 COLLATE=utf8mb4_general_ci;

--
-- Dumping data for table `client`
--

INSERT INTO `client` (`id`, `name`, `gender`, `email`, `birthdate`, `province`, `municipal`, `barangay`, `purok`, `address`, `additionalAddressInfo`, `city`, `emailAddress`, `contactNumber`) VALUES
(3, 'Full name', 'Female', 'test@email.com', '1991-12-05', '0722', NULL, '072211011', NULL, NULL, 'purok sampaguita', '072211', NULL, '091238753847'),
(8, 'Peter Griffin', 'Male', 'email2@test.com', '2023-12-05', '0722', NULL, '072211010', NULL, NULL, 'skina naay kan anan', '072211', NULL, '044545'),
(12, 'Crispoin', 'Male', 'testing@email.com', '2023-08-13', '0837', NULL, '083738007', NULL, NULL, 'esdfe', '083738', NULL, '234234'),
(13, 'Sample Client 12', 'Female', 'email3@test.com', '2023-11-28', '0722', NULL, '072221006', NULL, NULL, 'pap', '072221', NULL, '234324'),
(14, 'Shaq Manolo', 'Female', 'email4@test.com', '2023-12-14', '0722', NULL, '072211009', NULL, NULL, 'Victoe', '072211', NULL, '0234234'),
(17, 'Jeng Vierds', 'Male', 'jeng@test.com', '2011-06-23', '0722', NULL, '072211005', NULL, NULL, 'skina naay kan anan', '072211', NULL, '09090909'),
(18, 'Mar Roza', 'Male', 'mar@test.com', '2023-12-31', '0722', NULL, '072211004', NULL, NULL, 'e', '072211', NULL, '123'),
(19, 'Leni', 'Male', 'leni@test.com', '2023-11-06', '0722', NULL, '072211012', NULL, NULL, '123', '072211', NULL, '123'),
(20, 'ej gwapo', 'Male', 'hello@gmail.com', '2001-02-21', '0722', NULL, '072211008', NULL, NULL, 'purok agbati', '072211', NULL, '09010234567'),
(21, 'gest carl', 'Male', 'gest@test.com', '2024-01-08', '0722', NULL, '072211017', NULL, NULL, 'qweqw', '072211', NULL, '123123'),
(22, 'Michael Gwapo', 'Male', 'michael@testmail.com', '2000-02-11', '0722', NULL, '072208005', NULL, NULL, 'purok lubi', '072208', NULL, '09123456'),
(23, 'mich', 'Male', 'mich@testmail.com', '1987-01-21', '0722', NULL, '072204008', NULL, NULL, 'lubi', '072204', NULL, '0976');

-- --------------------------------------------------------

--
-- Table structure for table `deductioncbu`
--

CREATE TABLE `deductioncbu` (
  `Id` bigint(20) NOT NULL,
  `loanId` bigint(20) DEFAULT NULL,
  `totalCBU` decimal(18,2) DEFAULT NULL,
  `dateAdded` datetime DEFAULT NULL,
  `dateSAdded` varchar(255) DEFAULT NULL
) ENGINE=InnoDB DEFAULT CHARSET=utf8mb4 COLLATE=utf8mb4_general_ci;

--
-- Dumping data for table `deductioncbu`
--

INSERT INTO `deductioncbu` (`Id`, `loanId`, `totalCBU`, `dateAdded`, `dateSAdded`) VALUES
(1, 29, 250.00, '2024-01-06 22:33:16', NULL),
(2, 30, 200.00, '2023-10-09 00:00:00', NULL),
(3, 31, 100.00, '2023-03-06 00:00:00', NULL),
(4, 32, 100.00, '2023-07-10 00:00:00', NULL),
(5, 33, 100.00, '2022-08-16 00:00:00', NULL),
(6, 34, 100.00, '2021-01-10 00:00:00', NULL),
(7, 35, 100.00, '2024-01-01 00:00:00', NULL),
(8, 36, 120.00, '2024-01-11 03:13:29', NULL),
(9, 37, 100.00, '2023-12-11 00:00:00', NULL),
(10, 38, 100.00, '2024-01-08 00:00:00', NULL),
(11, 39, 100.00, '2024-01-17 00:00:00', NULL);

-- --------------------------------------------------------

--
-- Table structure for table `deductioninsurance`
--

CREATE TABLE `deductioninsurance` (
  `Id` bigint(20) NOT NULL,
  `loanId` bigint(20) DEFAULT NULL,
  `totalInsurance` decimal(18,2) DEFAULT NULL,
  `dateAdded` datetime DEFAULT NULL,
  `dateSAdded` varchar(255) DEFAULT NULL
) ENGINE=InnoDB DEFAULT CHARSET=utf8mb4 COLLATE=utf8mb4_general_ci;

--
-- Dumping data for table `deductioninsurance`
--

INSERT INTO `deductioninsurance` (`Id`, `loanId`, `totalInsurance`, `dateAdded`, `dateSAdded`) VALUES
(1, 29, 250.00, '2024-01-06 22:33:16', NULL),
(2, 30, 200.00, '2023-10-09 00:00:00', NULL),
(3, 31, 400.00, '2023-03-06 00:00:00', NULL),
(4, 32, 100.00, '2023-07-10 00:00:00', NULL),
(5, 33, 100.00, '2022-08-16 00:00:00', NULL),
(6, 34, 100.00, '2021-01-10 00:00:00', NULL),
(7, 35, 100.00, '2024-01-01 00:00:00', NULL),
(8, 36, 100.00, '2024-01-11 03:13:29', NULL),
(9, 37, 100.00, '2023-12-11 00:00:00', NULL),
(10, 38, 100.00, '2024-01-08 00:00:00', NULL),
(11, 39, 100.00, '2024-01-17 00:00:00', NULL);

-- --------------------------------------------------------

--
-- Table structure for table `loan`
--

CREATE TABLE `loan` (
  `Id` bigint(20) NOT NULL,
  `client_id` bigint(20) DEFAULT NULL,
  `type` varchar(255) DEFAULT NULL,
  `deductCBU` decimal(18,2) DEFAULT NULL,
  `deductInsurance` decimal(18,2) DEFAULT NULL,
  `loan_amount` decimal(18,2) DEFAULT NULL,
  `capital` decimal(18,2) DEFAULT NULL,
  `interest` decimal(18,2) DEFAULT NULL,
  `interested_amount` decimal(18,2) DEFAULT NULL,
  `loan_receivable` decimal(18,2) DEFAULT NULL,
  `no_payment` int(11) DEFAULT NULL,
  `status` varchar(255) DEFAULT NULL,
  `due_Date` datetime DEFAULT NULL,
  `total_penalty` decimal(18,2) DEFAULT 0.00,
  `added_interest` decimal(18,2) DEFAULT 0.00,
  `other_fee` decimal(18,2) DEFAULT NULL,
  `date_time` datetime DEFAULT NULL
) ENGINE=InnoDB DEFAULT CHARSET=utf8mb4 COLLATE=utf8mb4_general_ci;

--
-- Dumping data for table `loan`
--

INSERT INTO `loan` (`Id`, `client_id`, `type`, `deductCBU`, `deductInsurance`, `loan_amount`, `capital`, `interest`, `interested_amount`, `loan_receivable`, `no_payment`, `status`, `due_Date`, `total_penalty`, `added_interest`, `other_fee`, `date_time`) VALUES
(3, 3, 'Daily', 100.00, 100.00, 6600.00, 6000.00, 10.00, 600.00, 5700.00, 60, 'Unpaid', '2024-02-11 23:23:36', 0.00, 0.00, 100.00, '2023-12-13 23:23:35'),
(4, 8, 'Emergency', 100.00, 100.00, 11000.00, 10000.00, 10.00, 1000.00, 9700.00, 10, 'Unpaid', '2024-02-28 14:10:19', 0.00, 0.00, 100.00, '2023-12-20 14:10:19'),
(11, 14, 'Emergency', 100.00, 100.00, 1010.00, 1000.00, 1.00, 10.00, 700.00, 1, 'Paid', '2024-01-09 17:37:55', 100.00, 0.00, 100.00, '2024-01-02 17:37:55'),
(12, 13, 'Emergency', 100.00, 100.00, 5500.00, 5000.00, 10.00, 500.00, 4700.00, 1, 'Unpaid', '2024-01-09 18:47:52', 0.00, 0.00, 100.00, '2024-01-02 18:47:52'),
(13, 14, 'Daily', 100.00, 100.00, 5500.00, 5000.00, 10.00, 500.00, 4500.00, 10, 'Unpaid', '2024-01-12 18:52:33', 0.00, 0.00, 300.00, '2024-01-02 18:52:33'),
(15, 12, 'Emergency', 100.00, 100.00, 5500.00, 5000.00, 10.00, 500.00, 4700.00, 1, 'Unpaid', '2024-01-09 19:07:20', 2000.00, 0.00, 100.00, '2024-01-02 19:07:20'),
(17, 13, 'Emergency', 100.00, 100.00, 13200.00, 12000.00, 10.00, 1200.00, 11700.00, 30, 'Unpaid', '2024-07-31 09:29:01', 0.00, 0.00, 100.00, '2024-01-03 09:29:01'),
(19, 3, 'Emergency', 100.00, 100.00, 11000.00, 10000.00, 10.00, 1000.00, 9700.00, 10, 'Unpaid', '2024-03-13 09:52:16', 0.00, 0.00, 100.00, '2024-01-03 09:52:13'),
(21, 13, 'Daily', 100.00, 100.00, 11000.00, 10000.00, 10.00, 1000.00, 8800.00, 10, 'Unpaid', '2024-01-13 12:13:12', 0.00, 0.00, 1000.00, '2024-01-03 12:13:12'),
(25, 12, 'Others', 100.00, 100.00, 7700.00, 7000.00, 10.00, 700.00, 6700.00, 10, 'Unpaid', '2024-11-03 12:17:06', 0.00, 0.00, 100.00, '2024-01-03 12:17:06'),
(28, 14, 'PO Cash', 100.00, 100.00, 5500.00, 5000.00, 10.00, 500.00, 4700.00, 2, 'Paid', '2024-02-02 12:26:38', 0.00, 0.00, 100.00, '2024-01-03 12:26:38'),
(30, 14, 'Daily', 200.00, 200.00, 11000.00, 10000.00, 10.00, 1000.00, 9400.00, 5, 'Paid', '2023-10-14 00:00:00', 1000.00, 0.00, 200.00, '2023-10-09 00:00:00'),
(32, 17, 'PO Cash', 100.00, 100.00, 5500.00, 5000.00, 10.00, 500.00, 4500.00, 4, 'Paid', '2023-09-08 00:00:00', 1000.00, 0.00, 300.00, '2023-07-10 00:00:00'),
(33, 12, 'Daily', 100.00, 100.00, 6540.00, 6000.00, 9.00, 540.00, 5500.00, 60, 'Unpaid', '2022-10-15 00:00:00', 0.00, 0.00, 300.00, '2022-08-16 00:00:00'),
(34, 13, 'PO Cash', 100.00, 100.00, 11000.00, 10000.00, 10.00, 1000.00, 9700.00, 5, 'Unpaid', '2021-03-26 00:00:00', 0.00, 0.00, 100.00, '2021-01-10 00:00:00'),
(35, 19, 'Daily', 100.00, 100.00, 11000.00, 10000.00, 10.00, 1000.00, 9700.00, 30, 'Unpaid', '2024-01-31 00:00:00', 0.00, 0.00, 100.00, '2024-01-01 00:00:00'),
(36, 20, 'Emergency', 120.00, 100.00, 10400.00, 10000.00, 4.00, 400.00, 9730.00, 15, 'Unpaid', '2024-04-25 03:13:29', 0.00, 0.00, 50.00, '2024-01-11 03:13:29'),
(37, 21, 'Daily', 100.00, 100.00, 11000.00, 10000.00, 10.00, 1000.00, 9500.00, 10, 'Unpaid', '2023-12-21 00:00:00', 0.00, 0.00, 300.00, '2023-12-11 00:00:00'),
(38, 22, 'Emergency', 100.00, 100.00, 11000.00, 10000.00, 10.00, 1000.00, 9700.00, 15, 'Unpaid', '2024-04-22 00:00:00', 0.00, 0.00, 100.00, '2024-01-08 00:00:00'),
(39, 23, 'Emergency', 100.00, 100.00, 11000.00, 10000.00, 10.00, 1000.00, 9750.00, 30, 'Unpaid', '2024-08-14 00:00:00', 0.00, 0.00, 50.00, '2024-01-17 00:00:00');

-- --------------------------------------------------------

--
-- Table structure for table `schedule`
--

CREATE TABLE `schedule` (
  `Id` bigint(20) NOT NULL,
  `loan_id` bigint(20) DEFAULT NULL,
  `collectables` decimal(18,2) DEFAULT NULL,
  `date` datetime DEFAULT NULL,
  `status` varchar(255) DEFAULT NULL
) ENGINE=InnoDB DEFAULT CHARSET=utf8mb4 COLLATE=utf8mb4_general_ci;

--
-- Dumping data for table `schedule`
--

INSERT INTO `schedule` (`Id`, `loan_id`, `collectables`, `date`, `status`) VALUES
(1, 3, 110.00, '2023-12-14 23:24:31', 'Paid'),
(2, 3, 110.00, '2023-12-15 23:24:31', 'Paid'),
(3, 3, 110.00, '2023-12-16 23:24:31', 'Paid'),
(4, 3, 110.00, '2023-12-17 23:24:31', 'Paid'),
(5, 3, 110.00, '2023-12-18 23:24:31', 'Paid'),
(6, 3, 110.00, '2023-12-19 23:24:31', 'Paid'),
(7, 3, 110.00, '2023-12-20 23:24:31', 'Paid'),
(8, 3, 110.00, '2023-12-21 23:24:31', 'Paid'),
(9, 3, 110.00, '2023-12-22 23:24:31', 'Paid'),
(10, 3, 110.00, '2023-12-23 23:24:31', 'Paid'),
(11, 3, 110.00, '2023-12-24 23:24:31', 'Paid'),
(12, 3, 110.00, '2023-12-25 23:24:31', 'Paid'),
(13, 3, 110.00, '2023-12-26 23:24:31', 'Paid'),
(14, 3, 110.00, '2023-12-27 23:24:31', 'Paid'),
(15, 3, 110.00, '2023-12-28 23:24:31', 'Unpaid'),
(16, 3, 110.00, '2023-12-29 23:24:31', 'Unpaid'),
(17, 3, 110.00, '2023-12-30 23:24:31', 'Unpaid'),
(18, 3, 110.00, '2023-12-31 23:24:31', 'Unpaid'),
(19, 3, 110.00, '2024-01-01 23:24:31', 'Unpaid'),
(20, 3, 110.00, '2024-01-02 23:24:31', 'Unpaid'),
(21, 3, 110.00, '2024-01-03 23:24:31', 'Unpaid'),
(22, 3, 110.00, '2024-01-04 23:24:31', 'Unpaid'),
(23, 3, 110.00, '2024-01-05 23:24:31', 'Unpaid'),
(24, 3, 110.00, '2024-01-06 23:24:31', 'Unpaid'),
(25, 3, 110.00, '2024-01-07 23:24:31', 'Unpaid'),
(26, 3, 110.00, '2024-01-08 23:24:31', 'Unpaid'),
(27, 3, 110.00, '2024-01-09 23:24:31', 'Unpaid'),
(28, 3, 110.00, '2024-01-10 23:24:31', 'Unpaid'),
(29, 3, 110.00, '2024-01-11 23:24:31', 'Unpaid'),
(30, 3, 110.00, '2024-01-12 23:24:31', 'Unpaid'),
(31, 3, 110.00, '2024-01-13 23:24:31', 'Unpaid'),
(32, 3, 110.00, '2024-01-14 23:24:31', 'Unpaid'),
(33, 3, 110.00, '2024-01-15 23:24:31', 'Unpaid'),
(34, 3, 110.00, '2024-01-16 23:24:31', 'Unpaid'),
(35, 3, 110.00, '2024-01-17 23:24:31', 'Unpaid'),
(36, 3, 110.00, '2024-01-18 23:24:31', 'Unpaid'),
(37, 3, 110.00, '2024-01-19 23:24:31', 'Unpaid'),
(38, 3, 110.00, '2024-01-20 23:24:31', 'Unpaid'),
(39, 3, 110.00, '2024-01-21 23:24:31', 'Unpaid'),
(40, 3, 110.00, '2024-01-22 23:24:31', 'Unpaid'),
(41, 3, 110.00, '2024-01-23 23:24:31', 'Unpaid'),
(42, 3, 110.00, '2024-01-24 23:24:31', 'Unpaid'),
(43, 3, 110.00, '2024-01-25 23:24:31', 'Unpaid'),
(44, 3, 110.00, '2024-01-26 23:24:31', 'Unpaid'),
(45, 3, 110.00, '2024-01-27 23:24:31', 'Unpaid'),
(46, 3, 110.00, '2024-01-28 23:24:31', 'Unpaid'),
(47, 3, 110.00, '2024-01-29 23:24:31', 'Unpaid'),
(48, 3, 110.00, '2024-01-30 23:24:31', 'Unpaid'),
(49, 3, 110.00, '2024-01-31 23:24:31', 'Unpaid'),
(50, 3, 110.00, '2024-02-01 23:24:31', 'Unpaid'),
(51, 3, 110.00, '2024-02-02 23:24:31', 'Unpaid'),
(52, 3, 110.00, '2024-02-03 23:24:31', 'Unpaid'),
(53, 3, 110.00, '2024-02-04 23:24:31', 'Unpaid'),
(54, 3, 110.00, '2024-02-05 23:24:31', 'Unpaid'),
(55, 3, 110.00, '2024-02-06 23:24:31', 'Unpaid'),
(56, 3, 110.00, '2024-02-07 23:24:31', 'Unpaid'),
(57, 3, 110.00, '2024-02-08 23:24:31', 'Unpaid'),
(58, 3, 110.00, '2024-02-09 23:24:31', 'Unpaid'),
(59, 3, 110.00, '2024-02-10 23:24:31', 'Unpaid'),
(60, 3, 110.00, '2024-02-11 23:24:31', 'Unpaid'),
(61, 4, 1100.00, '2023-12-27 14:10:19', 'Paid'),
(62, 4, 1100.00, '2024-01-03 14:10:19', 'Paid'),
(63, 4, 1100.00, '2024-01-10 14:10:19', 'Paid'),
(64, 4, 1100.00, '2024-01-17 14:10:19', 'Paid'),
(65, 4, 1100.00, '2024-01-24 14:10:19', 'Unpaid'),
(66, 4, 1100.00, '2024-01-31 14:10:19', 'Unpaid'),
(67, 4, 1100.00, '2024-02-07 14:10:19', 'Unpaid'),
(68, 4, 1100.00, '2024-02-14 14:10:19', 'Unpaid'),
(69, 4, 1100.00, '2024-02-21 14:10:19', 'Unpaid'),
(70, 4, 1100.00, '2024-02-28 14:10:19', 'Unpaid'),
(71, 7, 575.00, '2024-01-03 22:54:24', 'Unpaid'),
(72, 7, 575.00, '2024-01-10 22:54:24', 'Unpaid'),
(73, 7, 575.00, '2024-01-17 22:54:24', 'Unpaid'),
(74, 7, 575.00, '2024-01-24 22:54:24', 'Unpaid'),
(75, 7, 575.00, '2024-01-31 22:54:24', 'Unpaid'),
(76, 7, 575.00, '2024-02-07 22:54:24', 'Unpaid'),
(77, 7, 575.00, '2024-02-14 22:54:24', 'Unpaid'),
(78, 7, 575.00, '2024-02-21 22:54:24', 'Unpaid'),
(79, 7, 575.00, '2024-02-28 22:54:24', 'Unpaid'),
(80, 7, 575.00, '2024-03-06 22:54:24', 'Unpaid'),
(81, 7, 575.00, '2024-03-13 22:54:24', 'Unpaid'),
(82, 7, 575.00, '2024-03-20 22:54:24', 'Unpaid'),
(83, 7, 575.00, '2024-03-27 22:54:24', 'Unpaid'),
(84, 7, 575.00, '2024-04-03 22:54:24', 'Unpaid'),
(85, 7, 575.00, '2024-04-10 22:54:24', 'Unpaid'),
(86, 7, 575.00, '2024-04-17 22:54:24', 'Unpaid'),
(87, 7, 575.00, '2024-04-24 22:54:24', 'Unpaid'),
(88, 7, 575.00, '2024-05-01 22:54:24', 'Unpaid'),
(89, 7, 575.00, '2024-05-08 22:54:24', 'Unpaid'),
(90, 7, 575.00, '2024-05-15 22:54:24', 'Unpaid'),
(91, 9, 66.00, '2024-01-03 17:28:27', 'Unpaid'),
(92, 9, 66.00, '2024-01-04 17:28:27', 'Unpaid'),
(93, 9, 66.00, '2024-01-05 17:28:27', 'Unpaid'),
(94, 9, 66.00, '2024-01-06 17:28:27', 'Unpaid'),
(95, 9, 66.00, '2024-01-07 17:28:27', 'Unpaid'),
(96, 9, 66.00, '2024-01-08 17:28:27', 'Unpaid'),
(97, 9, 66.00, '2024-01-09 17:28:27', 'Unpaid'),
(98, 9, 66.00, '2024-01-10 17:28:27', 'Unpaid'),
(99, 9, 66.00, '2024-01-11 17:28:27', 'Unpaid'),
(100, 9, 66.00, '2024-01-12 17:28:27', 'Unpaid'),
(101, 9, 66.00, '2024-01-13 17:28:27', 'Unpaid'),
(102, 9, 66.00, '2024-01-14 17:28:27', 'Unpaid'),
(103, 9, 66.00, '2024-01-15 17:28:27', 'Unpaid'),
(104, 9, 66.00, '2024-01-16 17:28:27', 'Unpaid'),
(105, 9, 66.00, '2024-01-17 17:28:27', 'Unpaid'),
(106, 9, 66.00, '2024-01-18 17:28:27', 'Unpaid'),
(107, 9, 66.00, '2024-01-19 17:28:27', 'Unpaid'),
(108, 9, 66.00, '2024-01-20 17:28:27', 'Unpaid'),
(109, 9, 66.00, '2024-01-21 17:28:27', 'Unpaid'),
(110, 9, 66.00, '2024-01-22 17:28:27', 'Unpaid'),
(111, 9, 66.00, '2024-01-23 17:28:27', 'Unpaid'),
(112, 9, 66.00, '2024-01-24 17:28:27', 'Unpaid'),
(113, 9, 66.00, '2024-01-25 17:28:27', 'Unpaid'),
(114, 9, 66.00, '2024-01-26 17:28:27', 'Unpaid'),
(115, 9, 66.00, '2024-01-27 17:28:27', 'Unpaid'),
(116, 9, 66.00, '2024-01-28 17:28:27', 'Unpaid'),
(117, 9, 66.00, '2024-01-29 17:28:27', 'Unpaid'),
(118, 9, 66.00, '2024-01-30 17:28:27', 'Unpaid'),
(119, 9, 66.00, '2024-01-31 17:28:27', 'Unpaid'),
(120, 9, 66.00, '2024-02-01 17:28:27', 'Unpaid'),
(121, 9, 66.00, '2024-02-02 17:28:27', 'Unpaid'),
(122, 9, 66.00, '2024-02-03 17:28:27', 'Unpaid'),
(123, 9, 66.00, '2024-02-04 17:28:27', 'Unpaid'),
(124, 9, 66.00, '2024-02-05 17:28:27', 'Unpaid'),
(125, 9, 66.00, '2024-02-06 17:28:27', 'Unpaid'),
(126, 9, 66.00, '2024-02-07 17:28:27', 'Unpaid'),
(127, 9, 66.00, '2024-02-08 17:28:27', 'Unpaid'),
(128, 9, 66.00, '2024-02-09 17:28:27', 'Unpaid'),
(129, 9, 66.00, '2024-02-10 17:28:27', 'Unpaid'),
(130, 9, 66.00, '2024-02-11 17:28:27', 'Unpaid'),
(131, 9, 66.00, '2024-02-12 17:28:27', 'Unpaid'),
(132, 9, 66.00, '2024-02-13 17:28:27', 'Unpaid'),
(133, 9, 66.00, '2024-02-14 17:28:27', 'Unpaid'),
(134, 9, 66.00, '2024-02-15 17:28:27', 'Unpaid'),
(135, 9, 66.00, '2024-02-16 17:28:27', 'Unpaid'),
(136, 9, 66.00, '2024-02-17 17:28:27', 'Unpaid'),
(137, 9, 66.00, '2024-02-18 17:28:27', 'Unpaid'),
(138, 9, 66.00, '2024-02-19 17:28:27', 'Unpaid'),
(139, 9, 66.00, '2024-02-20 17:28:27', 'Unpaid'),
(140, 9, 66.00, '2024-02-21 17:28:27', 'Unpaid'),
(141, 9, 66.00, '2024-02-22 17:28:27', 'Unpaid'),
(142, 9, 66.00, '2024-02-23 17:28:27', 'Unpaid'),
(143, 9, 66.00, '2024-02-24 17:28:27', 'Unpaid'),
(144, 9, 66.00, '2024-02-25 17:28:27', 'Unpaid'),
(145, 9, 66.00, '2024-02-26 17:28:27', 'Unpaid'),
(146, 9, 66.00, '2024-02-27 17:28:27', 'Unpaid'),
(147, 9, 66.00, '2024-02-28 17:28:27', 'Unpaid'),
(148, 9, 66.00, '2024-02-29 17:28:27', 'Unpaid'),
(149, 9, 66.00, '2024-03-01 17:28:27', 'Unpaid'),
(150, 9, 66.00, '2024-03-02 17:28:27', 'Unpaid'),
(151, 9, 66.00, '2024-03-03 17:28:27', 'Unpaid'),
(152, 9, 66.00, '2024-03-04 17:28:27', 'Unpaid'),
(153, 9, 66.00, '2024-03-05 17:28:27', 'Unpaid'),
(154, 9, 66.00, '2024-03-06 17:28:27', 'Unpaid'),
(155, 9, 66.00, '2024-03-07 17:28:27', 'Unpaid'),
(156, 9, 66.00, '2024-03-08 17:28:27', 'Unpaid'),
(157, 9, 66.00, '2024-03-09 17:28:27', 'Unpaid'),
(158, 9, 66.00, '2024-03-10 17:28:27', 'Unpaid'),
(159, 9, 66.00, '2024-03-11 17:28:27', 'Unpaid'),
(160, 9, 66.00, '2024-03-12 17:28:27', 'Unpaid'),
(161, 9, 66.00, '2024-03-13 17:28:27', 'Unpaid'),
(162, 9, 66.00, '2024-03-14 17:28:27', 'Unpaid'),
(163, 9, 66.00, '2024-03-15 17:28:27', 'Unpaid'),
(164, 9, 66.00, '2024-03-16 17:28:27', 'Unpaid'),
(165, 9, 66.00, '2024-03-17 17:28:27', 'Unpaid'),
(166, 9, 66.00, '2024-03-18 17:28:27', 'Unpaid'),
(167, 9, 66.00, '2024-03-19 17:28:27', 'Unpaid'),
(168, 9, 66.00, '2024-03-20 17:28:27', 'Unpaid'),
(169, 9, 66.00, '2024-03-21 17:28:27', 'Unpaid'),
(170, 9, 66.00, '2024-03-22 17:28:27', 'Unpaid'),
(171, 9, 66.00, '2024-03-23 17:28:27', 'Unpaid'),
(172, 9, 66.00, '2024-03-24 17:28:27', 'Unpaid'),
(173, 9, 66.00, '2024-03-25 17:28:27', 'Unpaid'),
(174, 9, 66.00, '2024-03-26 17:28:27', 'Unpaid'),
(175, 9, 66.00, '2024-03-27 17:28:27', 'Unpaid'),
(176, 9, 66.00, '2024-03-28 17:28:27', 'Unpaid'),
(177, 9, 66.00, '2024-03-29 17:28:27', 'Unpaid'),
(178, 9, 66.00, '2024-03-30 17:28:27', 'Unpaid'),
(179, 9, 66.00, '2024-03-31 17:28:27', 'Unpaid'),
(180, 9, 66.00, '2024-04-01 17:28:27', 'Unpaid'),
(181, 9, 66.00, '2024-04-02 17:28:27', 'Unpaid'),
(182, 9, 66.00, '2024-04-03 17:28:27', 'Unpaid'),
(183, 9, 66.00, '2024-04-04 17:28:27', 'Unpaid'),
(184, 9, 66.00, '2024-04-05 17:28:27', 'Unpaid'),
(185, 9, 66.00, '2024-04-06 17:28:27', 'Unpaid'),
(186, 9, 66.00, '2024-04-07 17:28:27', 'Unpaid'),
(187, 9, 66.00, '2024-04-08 17:28:27', 'Unpaid'),
(188, 9, 66.00, '2024-04-09 17:28:27', 'Unpaid'),
(189, 9, 66.00, '2024-04-10 17:28:27', 'Unpaid'),
(190, 9, 66.00, '2024-04-11 17:28:27', 'Unpaid'),
(191, 11, 1010.00, '2024-01-09 17:37:55', 'Paid'),
(192, 12, 5500.00, '2024-01-09 18:47:52', 'Unpaid'),
(193, 13, 550.00, '2024-01-03 18:52:33', 'Unpaid'),
(194, 13, 550.00, '2024-01-04 18:52:33', 'Unpaid'),
(195, 13, 550.00, '2024-01-05 18:52:33', 'Unpaid'),
(196, 13, 550.00, '2024-01-06 18:52:33', 'Unpaid'),
(197, 13, 550.00, '2024-01-07 18:52:33', 'Unpaid'),
(198, 13, 550.00, '2024-01-08 18:52:33', 'Unpaid'),
(199, 13, 550.00, '2024-01-09 18:52:33', 'Unpaid'),
(200, 13, 550.00, '2024-01-10 18:52:33', 'Unpaid'),
(201, 13, 550.00, '2024-01-11 18:52:33', 'Unpaid'),
(202, 13, 550.00, '2024-01-12 18:52:33', 'Unpaid'),
(203, 15, 5500.00, '2024-01-09 19:07:20', 'Unpaid'),
(204, 17, 440.00, '2024-01-10 09:29:01', 'Paid'),
(205, 17, 440.00, '2024-01-17 09:29:01', 'Unpaid'),
(206, 17, 440.00, '2024-01-24 09:29:01', 'Unpaid'),
(207, 17, 440.00, '2024-01-31 09:29:01', 'Unpaid'),
(208, 17, 440.00, '2024-02-07 09:29:01', 'Unpaid'),
(209, 17, 440.00, '2024-02-14 09:29:01', 'Unpaid'),
(210, 17, 440.00, '2024-02-21 09:29:01', 'Unpaid'),
(211, 17, 440.00, '2024-02-28 09:29:01', 'Unpaid'),
(212, 17, 440.00, '2024-03-06 09:29:01', 'Unpaid'),
(213, 17, 440.00, '2024-03-13 09:29:01', 'Unpaid'),
(214, 17, 440.00, '2024-03-20 09:29:01', 'Unpaid'),
(215, 17, 440.00, '2024-03-27 09:29:01', 'Unpaid'),
(216, 17, 440.00, '2024-04-03 09:29:01', 'Unpaid'),
(217, 17, 440.00, '2024-04-10 09:29:01', 'Unpaid'),
(218, 17, 440.00, '2024-04-17 09:29:01', 'Unpaid'),
(219, 17, 440.00, '2024-04-24 09:29:01', 'Unpaid'),
(220, 17, 440.00, '2024-05-01 09:29:01', 'Unpaid'),
(221, 17, 440.00, '2024-05-08 09:29:01', 'Unpaid'),
(222, 17, 440.00, '2024-05-15 09:29:01', 'Unpaid'),
(223, 17, 440.00, '2024-05-22 09:29:01', 'Unpaid'),
(224, 17, 440.00, '2024-05-29 09:29:01', 'Unpaid'),
(225, 17, 440.00, '2024-06-05 09:29:01', 'Unpaid'),
(226, 17, 440.00, '2024-06-12 09:29:01', 'Unpaid'),
(227, 17, 440.00, '2024-06-19 09:29:01', 'Unpaid'),
(228, 17, 440.00, '2024-06-26 09:29:01', 'Unpaid'),
(229, 17, 440.00, '2024-07-03 09:29:01', 'Unpaid'),
(230, 17, 440.00, '2024-07-10 09:29:01', 'Unpaid'),
(231, 17, 440.00, '2024-07-17 09:29:01', 'Unpaid'),
(232, 17, 440.00, '2024-07-24 09:29:01', 'Unpaid'),
(233, 17, 440.00, '2024-07-31 09:29:01', 'Unpaid'),
(234, 19, 1100.00, '2024-01-10 09:52:54', 'Unpaid'),
(235, 19, 1100.00, '2024-01-17 09:53:03', 'Unpaid'),
(236, 19, 1100.00, '2024-01-24 09:53:03', 'Unpaid'),
(237, 19, 1100.00, '2024-01-31 09:53:03', 'Unpaid'),
(238, 19, 1100.00, '2024-02-07 09:53:03', 'Unpaid'),
(239, 19, 1100.00, '2024-02-14 09:53:03', 'Unpaid'),
(240, 19, 1100.00, '2024-02-21 09:53:03', 'Unpaid'),
(241, 19, 1100.00, '2024-02-28 09:53:03', 'Unpaid'),
(242, 19, 1100.00, '2024-03-06 09:53:03', 'Unpaid'),
(243, 19, 1100.00, '2024-03-13 09:53:03', 'Unpaid'),
(244, 21, 1100.00, '2024-01-04 12:13:12', 'Unpaid'),
(245, 21, 1100.00, '2024-01-05 12:13:12', 'Unpaid'),
(246, 21, 1100.00, '2024-01-06 12:13:12', 'Unpaid'),
(247, 21, 1100.00, '2024-01-07 12:13:12', 'Unpaid'),
(248, 21, 1100.00, '2024-01-08 12:13:12', 'Unpaid'),
(249, 21, 1100.00, '2024-01-09 12:13:12', 'Unpaid'),
(250, 21, 1100.00, '2024-01-10 12:13:12', 'Unpaid'),
(251, 21, 1100.00, '2024-01-11 12:13:12', 'Unpaid'),
(252, 21, 1100.00, '2024-01-12 12:13:12', 'Unpaid'),
(253, 21, 1100.00, '2024-01-13 12:13:12', 'Unpaid'),
(254, 25, 770.00, '2024-02-03 12:17:06', 'Unpaid'),
(255, 25, 770.00, '2024-03-03 12:17:06', 'Unpaid'),
(256, 25, 770.00, '2024-04-03 12:17:06', 'Unpaid'),
(257, 25, 770.00, '2024-05-03 12:17:06', 'Unpaid'),
(258, 25, 770.00, '2024-06-03 12:17:06', 'Unpaid'),
(259, 25, 770.00, '2024-07-03 12:17:06', 'Unpaid'),
(260, 25, 770.00, '2024-08-03 12:17:06', 'Unpaid'),
(261, 25, 770.00, '2024-09-03 12:17:06', 'Unpaid'),
(262, 25, 770.00, '2024-10-03 12:17:06', 'Unpaid'),
(263, 25, 770.00, '2024-11-03 12:17:06', 'Unpaid'),
(264, 28, 2750.00, '2024-01-18 12:26:38', 'Paid'),
(265, 28, 2750.00, '2024-02-02 12:26:38', 'Paid'),
(266, 29, 1100.00, '2024-02-06 22:33:16', 'Unpaid'),
(267, 29, 1100.00, '2024-03-06 22:33:16', 'Unpaid'),
(268, 29, 1100.00, '2024-04-06 22:33:16', 'Unpaid'),
(269, 29, 1100.00, '2024-05-06 22:33:16', 'Unpaid'),
(270, 29, 1100.00, '2024-06-06 22:33:16', 'Unpaid'),
(271, 29, 1100.00, '2024-07-06 22:33:16', 'Unpaid'),
(272, 29, 1100.00, '2024-08-06 22:33:16', 'Unpaid'),
(273, 29, 1100.00, '2024-09-06 22:33:16', 'Unpaid'),
(274, 29, 1100.00, '2024-10-06 22:33:16', 'Unpaid'),
(275, 29, 1100.00, '2024-11-06 22:33:16', 'Unpaid'),
(276, 30, 2200.00, '2023-10-10 00:00:00', 'Paid'),
(277, 30, 2200.00, '2023-10-11 00:00:00', 'Paid'),
(278, 30, 2200.00, '2023-10-12 00:00:00', 'Paid'),
(279, 30, 2200.00, '2023-10-13 00:00:00', 'Paid'),
(280, 30, 2200.00, '2023-10-14 00:00:00', 'Paid'),
(281, 31, 440.00, '2023-03-07 00:00:00', 'Paid'),
(282, 31, 440.00, '2023-03-08 00:00:00', 'Unpaid'),
(283, 31, 440.00, '2023-03-09 00:00:00', 'Unpaid'),
(284, 31, 440.00, '2023-03-10 00:00:00', 'Unpaid'),
(285, 31, 440.00, '2023-03-11 00:00:00', 'Unpaid'),
(286, 31, 440.00, '2023-03-12 00:00:00', 'Unpaid'),
(287, 31, 440.00, '2023-03-13 00:00:00', 'Unpaid'),
(288, 31, 440.00, '2023-03-14 00:00:00', 'Unpaid'),
(289, 31, 440.00, '2023-03-15 00:00:00', 'Unpaid'),
(290, 31, 440.00, '2023-03-16 00:00:00', 'Unpaid'),
(291, 31, 440.00, '2023-03-17 00:00:00', 'Unpaid'),
(292, 31, 440.00, '2023-03-18 00:00:00', 'Unpaid'),
(293, 31, 440.00, '2023-03-19 00:00:00', 'Unpaid'),
(294, 31, 440.00, '2023-03-20 00:00:00', 'Unpaid'),
(295, 31, 440.00, '2023-03-21 00:00:00', 'Unpaid'),
(296, 31, 440.00, '2023-03-22 00:00:00', 'Unpaid'),
(297, 31, 440.00, '2023-03-23 00:00:00', 'Unpaid'),
(298, 31, 440.00, '2023-03-24 00:00:00', 'Unpaid'),
(299, 31, 440.00, '2023-03-25 00:00:00', 'Unpaid'),
(300, 31, 440.00, '2023-03-26 00:00:00', 'Unpaid'),
(301, 32, 1375.00, '2023-07-25 00:00:00', 'Paid'),
(302, 32, 1375.00, '2023-08-09 00:00:00', 'Paid'),
(303, 32, 1375.00, '2023-08-24 00:00:00', 'Paid'),
(304, 32, 1375.00, '2023-09-08 00:00:00', 'Paid'),
(305, 33, 109.00, '2022-08-17 00:00:00', 'Unpaid'),
(306, 33, 109.00, '2022-08-18 00:00:00', 'Unpaid'),
(307, 33, 109.00, '2022-08-19 00:00:00', 'Unpaid'),
(308, 33, 109.00, '2022-08-20 00:00:00', 'Unpaid'),
(309, 33, 109.00, '2022-08-21 00:00:00', 'Unpaid'),
(310, 33, 109.00, '2022-08-22 00:00:00', 'Unpaid'),
(311, 33, 109.00, '2022-08-23 00:00:00', 'Unpaid'),
(312, 33, 109.00, '2022-08-24 00:00:00', 'Unpaid'),
(313, 33, 109.00, '2022-08-25 00:00:00', 'Unpaid'),
(314, 33, 109.00, '2022-08-26 00:00:00', 'Unpaid'),
(315, 33, 109.00, '2022-08-27 00:00:00', 'Unpaid'),
(316, 33, 109.00, '2022-08-28 00:00:00', 'Unpaid'),
(317, 33, 109.00, '2022-08-29 00:00:00', 'Unpaid'),
(318, 33, 109.00, '2022-08-30 00:00:00', 'Unpaid'),
(319, 33, 109.00, '2022-08-31 00:00:00', 'Unpaid'),
(320, 33, 109.00, '2022-09-01 00:00:00', 'Unpaid'),
(321, 33, 109.00, '2022-09-02 00:00:00', 'Unpaid'),
(322, 33, 109.00, '2022-09-03 00:00:00', 'Unpaid'),
(323, 33, 109.00, '2022-09-04 00:00:00', 'Unpaid'),
(324, 33, 109.00, '2022-09-05 00:00:00', 'Unpaid'),
(325, 33, 109.00, '2022-09-06 00:00:00', 'Unpaid'),
(326, 33, 109.00, '2022-09-07 00:00:00', 'Unpaid'),
(327, 33, 109.00, '2022-09-08 00:00:00', 'Unpaid'),
(328, 33, 109.00, '2022-09-09 00:00:00', 'Unpaid'),
(329, 33, 109.00, '2022-09-10 00:00:00', 'Unpaid'),
(330, 33, 109.00, '2022-09-11 00:00:00', 'Unpaid'),
(331, 33, 109.00, '2022-09-12 00:00:00', 'Unpaid'),
(332, 33, 109.00, '2022-09-13 00:00:00', 'Unpaid'),
(333, 33, 109.00, '2022-09-14 00:00:00', 'Unpaid'),
(334, 33, 109.00, '2022-09-15 00:00:00', 'Unpaid'),
(335, 33, 109.00, '2022-09-16 00:00:00', 'Unpaid'),
(336, 33, 109.00, '2022-09-17 00:00:00', 'Unpaid'),
(337, 33, 109.00, '2022-09-18 00:00:00', 'Unpaid'),
(338, 33, 109.00, '2022-09-19 00:00:00', 'Unpaid'),
(339, 33, 109.00, '2022-09-20 00:00:00', 'Unpaid'),
(340, 33, 109.00, '2022-09-21 00:00:00', 'Unpaid'),
(341, 33, 109.00, '2022-09-22 00:00:00', 'Unpaid'),
(342, 33, 109.00, '2022-09-23 00:00:00', 'Unpaid'),
(343, 33, 109.00, '2022-09-24 00:00:00', 'Unpaid'),
(344, 33, 109.00, '2022-09-25 00:00:00', 'Unpaid'),
(345, 33, 109.00, '2022-09-26 00:00:00', 'Unpaid'),
(346, 33, 109.00, '2022-09-27 00:00:00', 'Unpaid'),
(347, 33, 109.00, '2022-09-28 00:00:00', 'Unpaid'),
(348, 33, 109.00, '2022-09-29 00:00:00', 'Unpaid'),
(349, 33, 109.00, '2022-09-30 00:00:00', 'Unpaid'),
(350, 33, 109.00, '2022-10-01 00:00:00', 'Unpaid'),
(351, 33, 109.00, '2022-10-02 00:00:00', 'Unpaid'),
(352, 33, 109.00, '2022-10-03 00:00:00', 'Unpaid'),
(353, 33, 109.00, '2022-10-04 00:00:00', 'Unpaid'),
(354, 33, 109.00, '2022-10-05 00:00:00', 'Unpaid'),
(355, 33, 109.00, '2022-10-06 00:00:00', 'Unpaid'),
(356, 33, 109.00, '2022-10-07 00:00:00', 'Unpaid'),
(357, 33, 109.00, '2022-10-08 00:00:00', 'Unpaid'),
(358, 33, 109.00, '2022-10-09 00:00:00', 'Unpaid'),
(359, 33, 109.00, '2022-10-10 00:00:00', 'Unpaid'),
(360, 33, 109.00, '2022-10-11 00:00:00', 'Unpaid'),
(361, 33, 109.00, '2022-10-12 00:00:00', 'Unpaid'),
(362, 33, 109.00, '2022-10-13 00:00:00', 'Unpaid'),
(363, 33, 109.00, '2022-10-14 00:00:00', 'Unpaid'),
(364, 33, 109.00, '2022-10-15 00:00:00', 'Unpaid'),
(365, 34, 2200.00, '2021-01-25 00:00:00', 'Paid'),
(366, 34, 2200.00, '2021-02-09 00:00:00', 'Unpaid'),
(367, 34, 2200.00, '2021-02-24 00:00:00', 'Unpaid'),
(368, 34, 2200.00, '2021-03-11 00:00:00', 'Unpaid'),
(369, 34, 2200.00, '2021-03-26 00:00:00', 'Unpaid'),
(370, 35, 366.67, '2024-01-02 00:00:00', 'Paid'),
(371, 35, 366.67, '2024-01-03 00:00:00', 'Paid'),
(372, 35, 366.67, '2024-01-04 00:00:00', 'Partial'),
(373, 35, 366.67, '2024-01-05 00:00:00', 'Unpaid'),
(374, 35, 366.67, '2024-01-06 00:00:00', 'Unpaid'),
(375, 35, 366.67, '2024-01-07 00:00:00', 'Unpaid'),
(376, 35, 366.67, '2024-01-08 00:00:00', 'Unpaid'),
(377, 35, 366.67, '2024-01-09 00:00:00', 'Unpaid'),
(378, 35, 366.67, '2024-01-10 00:00:00', 'Unpaid'),
(379, 35, 366.67, '2024-01-11 00:00:00', 'Unpaid'),
(380, 35, 366.67, '2024-01-12 00:00:00', 'Unpaid'),
(381, 35, 366.67, '2024-01-13 00:00:00', 'Unpaid'),
(382, 35, 366.67, '2024-01-14 00:00:00', 'Unpaid'),
(383, 35, 366.67, '2024-01-15 00:00:00', 'Unpaid'),
(384, 35, 366.67, '2024-01-16 00:00:00', 'Unpaid'),
(385, 35, 366.67, '2024-01-17 00:00:00', 'Unpaid'),
(386, 35, 366.67, '2024-01-18 00:00:00', 'Unpaid'),
(387, 35, 366.67, '2024-01-19 00:00:00', 'Unpaid'),
(388, 35, 366.67, '2024-01-20 00:00:00', 'Unpaid'),
(389, 35, 366.67, '2024-01-21 00:00:00', 'Unpaid'),
(390, 35, 366.67, '2024-01-22 00:00:00', 'Unpaid'),
(391, 35, 366.67, '2024-01-23 00:00:00', 'Unpaid'),
(392, 35, 366.67, '2024-01-24 00:00:00', 'Unpaid'),
(393, 35, 366.67, '2024-01-25 00:00:00', 'Unpaid'),
(394, 35, 366.67, '2024-01-26 00:00:00', 'Unpaid'),
(395, 35, 366.67, '2024-01-27 00:00:00', 'Unpaid'),
(396, 35, 366.67, '2024-01-28 00:00:00', 'Unpaid'),
(397, 35, 366.67, '2024-01-29 00:00:00', 'Unpaid'),
(398, 35, 366.67, '2024-01-30 00:00:00', 'Unpaid'),
(399, 35, 366.67, '2024-01-31 00:00:00', 'Unpaid'),
(400, 36, 693.33, '2024-01-18 03:13:29', 'Unpaid'),
(401, 36, 693.33, '2024-01-25 03:13:29', 'Unpaid'),
(402, 36, 693.33, '2024-02-01 03:13:29', 'Unpaid'),
(403, 36, 693.33, '2024-02-08 03:13:29', 'Unpaid'),
(404, 36, 693.33, '2024-02-15 03:13:29', 'Unpaid'),
(405, 36, 693.33, '2024-02-22 03:13:29', 'Unpaid'),
(406, 36, 693.33, '2024-02-29 03:13:29', 'Unpaid'),
(407, 36, 693.33, '2024-03-07 03:13:29', 'Unpaid'),
(408, 36, 693.33, '2024-03-14 03:13:29', 'Unpaid'),
(409, 36, 693.33, '2024-03-21 03:13:29', 'Unpaid'),
(410, 36, 693.33, '2024-03-28 03:13:29', 'Unpaid'),
(411, 36, 693.33, '2024-04-04 03:13:29', 'Unpaid'),
(412, 36, 693.33, '2024-04-11 03:13:29', 'Unpaid'),
(413, 36, 693.33, '2024-04-18 03:13:29', 'Unpaid'),
(414, 36, 693.33, '2024-04-25 03:13:29', 'Unpaid'),
(415, 37, 1100.00, '2023-12-12 00:00:00', 'Unpaid'),
(416, 37, 1100.00, '2023-12-13 00:00:00', 'Unpaid'),
(417, 37, 1100.00, '2023-12-14 00:00:00', 'Unpaid'),
(418, 37, 1100.00, '2023-12-15 00:00:00', 'Unpaid'),
(419, 37, 1100.00, '2023-12-16 00:00:00', 'Unpaid'),
(420, 37, 1100.00, '2023-12-17 00:00:00', 'Unpaid'),
(421, 37, 1100.00, '2023-12-18 00:00:00', 'Unpaid'),
(422, 37, 1100.00, '2023-12-19 00:00:00', 'Unpaid'),
(423, 37, 1100.00, '2023-12-20 00:00:00', 'Unpaid'),
(424, 37, 1100.00, '2023-12-21 00:00:00', 'Unpaid'),
(425, 38, 733.33, '2024-01-15 00:00:00', 'Unpaid'),
(426, 38, 733.33, '2024-01-22 00:00:00', 'Unpaid'),
(427, 38, 733.33, '2024-01-29 00:00:00', 'Unpaid'),
(428, 38, 733.33, '2024-02-05 00:00:00', 'Unpaid'),
(429, 38, 733.33, '2024-02-12 00:00:00', 'Unpaid'),
(430, 38, 733.33, '2024-02-19 00:00:00', 'Unpaid'),
(431, 38, 733.33, '2024-02-26 00:00:00', 'Unpaid'),
(432, 38, 733.33, '2024-03-04 00:00:00', 'Unpaid'),
(433, 38, 733.33, '2024-03-11 00:00:00', 'Unpaid'),
(434, 38, 733.33, '2024-03-18 00:00:00', 'Unpaid'),
(435, 38, 733.33, '2024-03-25 00:00:00', 'Unpaid'),
(436, 38, 733.33, '2024-04-01 00:00:00', 'Unpaid'),
(437, 38, 733.33, '2024-04-08 00:00:00', 'Unpaid'),
(438, 38, 733.33, '2024-04-15 00:00:00', 'Unpaid'),
(439, 38, 733.33, '2024-04-22 00:00:00', 'Unpaid'),
(440, 39, 366.67, '2024-01-24 00:00:00', 'Paid'),
(441, 39, 366.67, '2024-01-31 00:00:00', 'Partial'),
(442, 39, 366.67, '2024-02-07 00:00:00', 'Unpaid'),
(443, 39, 366.67, '2024-02-14 00:00:00', 'Unpaid'),
(444, 39, 366.67, '2024-02-21 00:00:00', 'Unpaid'),
(445, 39, 366.67, '2024-02-28 00:00:00', 'Unpaid'),
(446, 39, 366.67, '2024-03-06 00:00:00', 'Unpaid'),
(447, 39, 366.67, '2024-03-13 00:00:00', 'Unpaid'),
(448, 39, 366.67, '2024-03-20 00:00:00', 'Unpaid'),
(449, 39, 366.67, '2024-03-27 00:00:00', 'Unpaid'),
(450, 39, 366.67, '2024-04-03 00:00:00', 'Unpaid'),
(451, 39, 366.67, '2024-04-10 00:00:00', 'Unpaid'),
(452, 39, 366.67, '2024-04-17 00:00:00', 'Unpaid'),
(453, 39, 366.67, '2024-04-24 00:00:00', 'Unpaid'),
(454, 39, 366.67, '2024-05-01 00:00:00', 'Unpaid'),
(455, 39, 366.67, '2024-05-08 00:00:00', 'Unpaid'),
(456, 39, 366.67, '2024-05-15 00:00:00', 'Unpaid'),
(457, 39, 366.67, '2024-05-22 00:00:00', 'Unpaid'),
(458, 39, 366.67, '2024-05-29 00:00:00', 'Unpaid'),
(459, 39, 366.67, '2024-06-05 00:00:00', 'Unpaid'),
(460, 39, 366.67, '2024-06-12 00:00:00', 'Unpaid'),
(461, 39, 366.67, '2024-06-19 00:00:00', 'Unpaid'),
(462, 39, 366.67, '2024-06-26 00:00:00', 'Unpaid'),
(463, 39, 366.67, '2024-07-03 00:00:00', 'Unpaid'),
(464, 39, 366.67, '2024-07-10 00:00:00', 'Unpaid'),
(465, 39, 366.67, '2024-07-17 00:00:00', 'Unpaid'),
(466, 39, 366.67, '2024-07-24 00:00:00', 'Unpaid'),
(467, 39, 366.67, '2024-07-31 00:00:00', 'Unpaid'),
(468, 39, 366.67, '2024-08-07 00:00:00', 'Unpaid'),
(469, 39, 366.67, '2024-08-14 00:00:00', 'Unpaid');

-- --------------------------------------------------------

--
-- Table structure for table `transaction`
--

CREATE TABLE `transaction` (
  `trans_id` bigint(20) NOT NULL,
  `amount` decimal(18,2) DEFAULT NULL,
  `payment_date` varchar(255) DEFAULT NULL,
  `added_by` varchar(255) DEFAULT NULL,
  `client_id` bigint(20) DEFAULT NULL,
  `schedule_id` bigint(20) DEFAULT NULL,
  `loan_id` bigint(20) DEFAULT NULL
) ENGINE=InnoDB DEFAULT CHARSET=utf8mb4 COLLATE=utf8mb4_general_ci;

--
-- Dumping data for table `transaction`
--

INSERT INTO `transaction` (`trans_id`, `amount`, `payment_date`, `added_by`, `client_id`, `schedule_id`, `loan_id`) VALUES
(1, 110.00, '12/30/2023', NULL, 3, 1, 3),
(2, 110.00, '12/30/2023', NULL, 3, 2, 3),
(3, 110.00, '12/30/2023', NULL, 3, 3, 3),
(4, 110.00, '12/30/2023', NULL, 3, 4, 3),
(5, 110.00, '12/30/2023', NULL, 3, 5, 3),
(6, 100.00, '12/30/2023', NULL, 3, 7, 3),
(7, 110.00, '12/30/2023', NULL, 3, 12, 3),
(8, 110.00, '12/30/2023', NULL, 3, 13, 3),
(9, 110.00, '12/30/2023', NULL, 3, 6, 3),
(10, 10.00, '12/30/2023', NULL, 3, 7, 3),
(11, 110.00, '12/30/2023', NULL, 3, 8, 3),
(12, 110.00, '12/30/2023', NULL, 3, 9, 3),
(13, 110.00, '12/30/2023', NULL, 3, 10, 3),
(14, 110.00, '12/30/2023', NULL, 3, 11, 3),
(15, 10.00, '12/30/2023', NULL, 3, 14, 3),
(16, 100.00, '12/31/2023', NULL, 3, 14, 3),
(17, 1100.00, '1/2/2024', NULL, 8, 61, 4),
(18, 100.00, '1/7/2024', NULL, 8, 62, 4),
(19, 1000.00, '1/7/2024', NULL, 8, 62, 4),
(20, 100.00, '1/7/2024', NULL, 8, 63, 4),
(21, 1000.00, '1/7/2024', NULL, 8, 63, 4),
(22, 440.00, '1/7/2024', NULL, 17, 281, 31),
(23, 1000.00, '1/8/2024', NULL, NULL, NULL, 31),
(26, 6360.00, '1/8/2024', NULL, NULL, NULL, 31),
(27, 2000.00, '1/9/2024', NULL, NULL, NULL, 31),
(28, 1375.00, '1/9/2024', NULL, 17, 301, 32),
(29, 5125.00, '1/9/2024', NULL, NULL, NULL, 32),
(30, 12000.00, '1/9/2024', NULL, NULL, NULL, 30),
(31, 2750.00, '1/9/2024', NULL, 14, 264, 28),
(32, 2750.00, '1/9/2024', NULL, 14, 265, 28),
(33, 440.00, '1/10/2024', NULL, 13, 204, 17),
(34, 2200.00, '1/10/2024', NULL, 13, 365, 34),
(35, 366.67, '1/11/2024', NULL, 19, 370, 35),
(36, 3.33, '1/11/2024', NULL, 19, 371, 35),
(37, 364.00, '1/11/2024', NULL, 19, 371, 35),
(38, 0.66, '1/11/2024', NULL, 19, 372, 35),
(39, 1100.00, '1/11/2024', NULL, 8, 64, 4),
(40, 300.00, '1/11/2024', NULL, 19, 372, 35),
(41, 300.00, '1/11/2024', NULL, 23, 440, 39),
(42, 67.00, '1/11/2024', NULL, 23, 440, 39),
(43, 0.33, '1/11/2024', NULL, 23, 441, 39),
(44, 1110.00, '1/11/2024', NULL, NULL, NULL, 11);

-- --------------------------------------------------------

--
-- Table structure for table `usertype`
--

CREATE TABLE `usertype` (
  `Id` int(11) NOT NULL,
  `Type` varchar(10) NOT NULL
) ENGINE=InnoDB DEFAULT CHARSET=utf8mb4 COLLATE=utf8mb4_general_ci;

--
-- Dumping data for table `usertype`
--

INSERT INTO `usertype` (`Id`, `Type`) VALUES
(1, 'Admin'),
(2, 'Secretary'),
(3, 'Borrower'),
(4, 'Borrower');

--
-- Indexes for dumped tables
--

--
-- Indexes for table `appusers`
--
ALTER TABLE `appusers`
  ADD PRIMARY KEY (`Id`);

--
-- Indexes for table `client`
--
ALTER TABLE `client`
  ADD PRIMARY KEY (`id`);

--
-- Indexes for table `deductioncbu`
--
ALTER TABLE `deductioncbu`
  ADD PRIMARY KEY (`Id`);

--
-- Indexes for table `deductioninsurance`
--
ALTER TABLE `deductioninsurance`
  ADD PRIMARY KEY (`Id`);

--
-- Indexes for table `loan`
--
ALTER TABLE `loan`
  ADD PRIMARY KEY (`Id`);

--
-- Indexes for table `schedule`
--
ALTER TABLE `schedule`
  ADD PRIMARY KEY (`Id`);

--
-- Indexes for table `transaction`
--
ALTER TABLE `transaction`
  ADD PRIMARY KEY (`trans_id`);

--
-- Indexes for table `usertype`
--
ALTER TABLE `usertype`
  ADD PRIMARY KEY (`Id`);

--
-- AUTO_INCREMENT for dumped tables
--

--
-- AUTO_INCREMENT for table `appusers`
--
ALTER TABLE `appusers`
  MODIFY `Id` int(11) NOT NULL AUTO_INCREMENT, AUTO_INCREMENT=8;

--
-- AUTO_INCREMENT for table `client`
--
ALTER TABLE `client`
  MODIFY `id` bigint(20) NOT NULL AUTO_INCREMENT, AUTO_INCREMENT=24;

--
-- AUTO_INCREMENT for table `deductioncbu`
--
ALTER TABLE `deductioncbu`
  MODIFY `Id` bigint(20) NOT NULL AUTO_INCREMENT, AUTO_INCREMENT=12;

--
-- AUTO_INCREMENT for table `deductioninsurance`
--
ALTER TABLE `deductioninsurance`
  MODIFY `Id` bigint(20) NOT NULL AUTO_INCREMENT, AUTO_INCREMENT=12;

--
-- AUTO_INCREMENT for table `loan`
--
ALTER TABLE `loan`
  MODIFY `Id` bigint(20) NOT NULL AUTO_INCREMENT, AUTO_INCREMENT=40;

--
-- AUTO_INCREMENT for table `schedule`
--
ALTER TABLE `schedule`
  MODIFY `Id` bigint(20) NOT NULL AUTO_INCREMENT, AUTO_INCREMENT=470;

--
-- AUTO_INCREMENT for table `transaction`
--
ALTER TABLE `transaction`
  MODIFY `trans_id` bigint(20) NOT NULL AUTO_INCREMENT, AUTO_INCREMENT=45;

--
-- AUTO_INCREMENT for table `usertype`
--
ALTER TABLE `usertype`
  MODIFY `Id` int(11) NOT NULL AUTO_INCREMENT, AUTO_INCREMENT=5;
COMMIT;

/*!40101 SET CHARACTER_SET_CLIENT=@OLD_CHARACTER_SET_CLIENT */;
/*!40101 SET CHARACTER_SET_RESULTS=@OLD_CHARACTER_SET_RESULTS */;
/*!40101 SET COLLATION_CONNECTION=@OLD_COLLATION_CONNECTION */;
